{"cameraMode":{"drawMode":0,"name":"Shaded","section":"Shading Mode"},"sceneLighting":true,"audioPlay":false,"sceneViewState":{"showFog":true,"showMaterialUpdate":false,"showSkybox":true,"showFlares":true,"showImageEffects":true,"showParticleSystems":true},"in2DMode":false,"pivot":{"x":-3.2962050437927248,"y":0.12928032875061036,"z":-2.343564033508301},"rotation":{"x":0.13273754715919496,"y":0.09942896664142609,"z":-0.013384590856730938,"w":0.986060619354248},"size":4.629302978515625,"orthographic":false}