{"cameraMode":{"drawMode":0,"name":"Shaded","section":"Shading Mode"},"sceneLighting":true,"audioPlay":false,"sceneViewState":{"showFog":true,"showMaterialUpdate":false,"showSkybox":true,"showFlares":true,"showImageEffects":true,"showParticleSystems":true},"in2DMode":false,"pivot":{"x":7.789999961853027,"y":0.0,"z":5.090000152587891},"rotation":{"x":0.12021920830011368,"y":0.6519861221313477,"z":-0.10575885325670243,"w":0.7411319613456726},"size":2.8578836917877199,"orthographic":false}